tip_label,Alv_Alv_pl_fwd,Alv_Dent_pl_fwd,Alv_Edge_pl_fwd,Alv_Glide_pl_fwd,Alv_Glot_pl_fwd,Alv_Lab_pl_fwd,Alv_Pal_pl_fwd,Alv_Retr_pl_fwd,Alv_Vel_pl_fwd,Alv_Vowel_pl_fwd,Dent_Alv_pl_fwd,Dent_Dent_pl_fwd,Dent_Edge_pl_fwd,Dent_Glide_pl_fwd,Dent_Glot_pl_fwd,Dent_Lab_pl_fwd,Dent_Pal_pl_fwd,Dent_Retr_pl_fwd,Dent_Vel_pl_fwd,Dent_Vowel_pl_fwd,Edge_Alv_pl_fwd,Edge_Dent_pl_fwd,Edge_Edge_pl_fwd,Edge_Glide_pl_fwd,Edge_Glot_pl_fwd,Edge_Lab_pl_fwd,Edge_Pal_pl_fwd,Edge_Retr_pl_fwd,Edge_Vel_pl_fwd,Edge_Vowel_pl_fwd,Glide_Alv_pl_fwd,Glide_Dent_pl_fwd,Glide_Edge_pl_fwd,Glide_Glide_pl_fwd,Glide_Glot_pl_fwd,Glide_Lab_pl_fwd,Glide_Pal_pl_fwd,Glide_Retr_pl_fwd,Glide_Vel_pl_fwd,Glide_Vowel_pl_fwd,Glot_Alv_pl_fwd,Glot_Dent_pl_fwd,Glot_Edge_pl_fwd,Glot_Glide_pl_fwd,Glot_Glot_pl_fwd,Glot_Lab_pl_fwd,Glot_Pal_pl_fwd,Glot_Retr_pl_fwd,Glot_Vel_pl_fwd,Glot_Vowel_pl_fwd,Lab_Alv_pl_fwd,Lab_Dent_pl_fwd,Lab_Edge_pl_fwd,Lab_Glide_pl_fwd,Lab_Glot_pl_fwd,Lab_Lab_pl_fwd,Lab_Pal_pl_fwd,Lab_Retr_pl_fwd,Lab_Vel_pl_fwd,Lab_Vowel_pl_fwd,Pal_Alv_pl_fwd,Pal_Dent_pl_fwd,Pal_Edge_pl_fwd,Pal_Glide_pl_fwd,Pal_Glot_pl_fwd,Pal_Lab_pl_fwd,Pal_Pal_pl_fwd,Pal_Retr_pl_fwd,Pal_Vel_pl_fwd,Pal_Vowel_pl_fwd,Retr_Alv_pl_fwd,Retr_Dent_pl_fwd,Retr_Edge_pl_fwd,Retr_Glide_pl_fwd,Retr_Glot_pl_fwd,Retr_Lab_pl_fwd,Retr_Pal_pl_fwd,Retr_Retr_pl_fwd,Retr_Vel_pl_fwd,Retr_Vowel_pl_fwd,Vel_Alv_pl_fwd,Vel_Dent_pl_fwd,Vel_Edge_pl_fwd,Vel_Glide_pl_fwd,Vel_Glot_pl_fwd,Vel_Lab_pl_fwd,Vel_Pal_pl_fwd,Vel_Retr_pl_fwd,Vel_Vel_pl_fwd,Vel_Vowel_pl_fwd,Vowel_Alv_pl_fwd,Vowel_Dent_pl_fwd,Vowel_Edge_pl_fwd,Vowel_Glide_pl_fwd,Vowel_Glot_pl_fwd,Vowel_Lab_pl_fwd,Vowel_Pal_pl_fwd,Vowel_Retr_pl_fwd,Vowel_Vel_pl_fwd,Vowel_Vowel_pl_fwd,Edge_Edge_man_fwd,Edge_Glide_man_fwd,Edge_Lat_man_fwd,Edge_Nas_man_fwd,Edge_Obs_man_fwd,Edge_Rhoglide_man_fwd,Edge_Vibr_man_fwd,Edge_Vowel_man_fwd,Glide_Edge_man_fwd,Glide_Glide_man_fwd,Glide_Lat_man_fwd,Glide_Nas_man_fwd,Glide_Obs_man_fwd,Glide_Rhoglide_man_fwd,Glide_Vibr_man_fwd,Glide_Vowel_man_fwd,Lat_Edge_man_fwd,Lat_Glide_man_fwd,Lat_Lat_man_fwd,Lat_Nas_man_fwd,Lat_Obs_man_fwd,Lat_Rhoglide_man_fwd,Lat_Vibr_man_fwd,Lat_Vowel_man_fwd,Nas_Edge_man_fwd,Nas_Glide_man_fwd,Nas_Lat_man_fwd,Nas_Nas_man_fwd,Nas_Obs_man_fwd,Nas_Rhoglide_man_fwd,Nas_Vibr_man_fwd,Nas_Vowel_man_fwd,Obs_Edge_man_fwd,Obs_Glide_man_fwd,Obs_Lat_man_fwd,Obs_Nas_man_fwd,Obs_Obs_man_fwd,Obs_Rhoglide_man_fwd,Obs_Vibr_man_fwd,Obs_Vowel_man_fwd,Rhoglide_Edge_man_fwd,Rhoglide_Glide_man_fwd,Rhoglide_Lat_man_fwd,Rhoglide_Nas_man_fwd,Rhoglide_Obs_man_fwd,Rhoglide_Rhoglide_man_fwd,Rhoglide_Vibr_man_fwd,Rhoglide_Vowel_man_fwd,Vibr_Edge_man_fwd,Vibr_Glide_man_fwd,Vibr_Lat_man_fwd,Vibr_Nas_man_fwd,Vibr_Obs_man_fwd,Vibr_Rhoglide_man_fwd,Vibr_Vibr_man_fwd,Vibr_Vowel_man_fwd,Vowel_Edge_man_fwd,Vowel_Glide_man_fwd,Vowel_Lat_man_fwd,Vowel_Nas_man_fwd,Vowel_Obs_man_fwd,Vowel_Rhoglide_man_fwd,Vowel_Vibr_man_fwd,Vowel_Vowel_man_fwd
WesternArrarnta,0.10247349823321554,0.028268551236749116,0,0.024734982332155476,NA,0.07420494699646643,0.02120141342756184,0,0.20141342756183744,0.5477031802120141,0.09859154929577464,0.09859154929577464,0,0,NA,0,0,0,0,0.8028169014084507,0.051334702258726904,0.03696098562628337,0,0.039014373716632446,NA,0.0944558521560575,0.053388090349075976,0.16632443531827515,0.14784394250513347,0.41067761806981523,0.005917159763313609,0,0,0.011834319526627219,NA,0,0,0,0.005917159763313609,0.9763313609467456,NA,NA,NA,NA,NA,NA,NA,NA,NA,NA,0,0,0,0.022099447513812154,NA,0.1270718232044199,0,0,0,0.850828729281768,0,0,0,0.012578616352201257,NA,0,0.25157232704402516,0,0,0.7358490566037735,0,0,0,0.13157894736842107,NA,0.048872180451127824,0,0.2518796992481203,0.041353383458646614,0.5263157894736843,0,0,0,0.10108303249097472,NA,0,0,0,0.19494584837545126,0.703971119133574,0.29927884615384615,0.057692307692307696,0.07692307692307693,0.10697115384615384,NA,0.09495192307692307,0.10576923076923077,0.1502403846153846,0.10697115384615384,0.001201923076923077,0,0.027718550106609806,0.057569296375266525,0.16844349680170576,0.2921108742004265,0.01279317697228145,0.014925373134328358,0.42643923240938164,0,0.008620689655172414,0,0.008620689655172414,0,0,0,0.9827586206896551,0,0.023255813953488372,0,0,0.5116279069767442,0,0,0.46511627906976744,0,0.017341040462427744,0,0.017341040462427744,0.37283236994219654,0,0,0.5924855491329479,0,0.11191335740072202,0,0.11010830324909747,0,0,0,0.7779783393501806,0,0.018867924528301886,0,0,0.018867924528301886,0,0,0.9622641509433962,0,0.046511627906976744,0,0,0.43023255813953487,0,0,0.5232558139534884,0.08163265306122448,0.05102040816326531,0.20153061224489796,0.2653061224489796,0.2232142857142857,0.0625,0.11352040816326532,0.0012755102040816326
Badimaya,0.14028056112224446,0.008016032064128256,0.002004008016032064,0,NA,0.044088176352705406,0.002004008016032064,0,0.06012024048096192,0.7434869739478958,0.03,0.03,0,0,NA,0,0.01,0,0,0.93,0.08395802098950525,0.08395802098950525,0,0.18290854572713644,NA,0.2833583208395802,0.08845577211394302,0.008995502248875561,0.24887556221889054,0.019490254872563718,0,0,0,0,NA,0.015748031496062992,0,0,0.007874015748031496,0.9763779527559054,NA,NA,NA,NA,NA,NA,NA,NA,NA,NA,0,0,0,0,NA,0.036414565826330535,0,0,0,0.9635854341736695,0,0,0,0,NA,0.06179775280898876,0.056179775280898875,0,0.005617977528089888,0.8764044943820225,0,0,0,0,NA,0.0437956204379562,0,0.0802919708029197,0.072992700729927,0.802919708029197,0,0,0,0,NA,0,0,0,0.06976744186046512,0.9302325581395349,0.3686956521739131,0.035652173913043476,0.011304347826086957,0.11478260869565218,NA,0.0973913043478261,0.10695652173913042,0.11652173913043479,0.10782608695652174,0.0408695652173913,0,0.19967266775777412,0.001636661211129296,0.3060556464811784,0.4713584288052373,0,0,0.02127659574468085,0,0,0,0,0,0,0,1,0,0,0,0.005952380952380952,0.2738095238095238,0,0,0.7202380952380952,0.002074688796680498,0,0,0.020746887966804982,0.2987551867219917,0,0,0.6784232365145229,0,0,0,0,0.0012285012285012285,0,0,0.9987714987714988,0,0,0,0,0.056074766355140186,0,0,0.9439252336448598,0,0,0,0,0.14893617021276595,0,0,0.851063829787234,0.011722272317403064,0.022542831379621278,0.16862037871956717,0.3192064923354373,0.2921550946798918,0.09648331830477908,0.04688908926961226,0.042380522993688004
Malgana,0.090625,0.021875,0,0,NA,0.01875,0,0,0.028125000000000004,0.8406250000000001,0.08536585365853659,0.08536585365853659,0,0,NA,0,0,0,0,0.8292682926829268,0.06369426751592357,0.06369426751592357,0,0.25796178343949044,NA,0.31528662420382164,0.06369426751592357,0.025477707006369428,0.18789808917197454,0.022292993630573247,0,0,0,0.0076335877862595426,NA,0,0,0,0,0.9923664122137404,NA,NA,NA,NA,NA,NA,NA,NA,NA,NA,0,0,0,0,NA,0.0308641975308642,0,0,0,0.9691358024691358,0,0,0,0,NA,0.027522935779816512,0.09174311926605504,0,0.01834862385321101,0.8623853211009175,0,0,0,0,NA,0.028985507246376812,0,0.057971014492753624,0.07246376811594203,0.8405797101449276,0,0,0,0,NA,0,0,0,0.06338028169014086,0.9366197183098592,0.40458015267175573,0.0732824427480916,0.0030534351145038168,0.07480916030534351,NA,0.0717557251908397,0.12213740458015267,0.08702290076335878,0.0900763358778626,0.0732824427480916,0,0.2755102040816327,0,0.27891156462585037,0.42176870748299317,0,0,0.023809523809523808,0,0,0,0,0,0,0,1,0,0,0,0,0.24000000000000002,0,0,0.76,0,0,0,0.00706713780918728,0.2120141342756184,0,0,0.7809187279151943,0,0,0,0,0.007936507936507936,0,0,0.9920634920634921,0,0.029411764705882353,0,0,0,0,0,0.9705882352941175,0,0,0,0,0.01694915254237288,0,0,0.983050847457627,0.0032948929159802307,0.02471169686985173,0.12520593080724876,0.3311367380560132,0.2833607907742998,0.05601317957166392,0.0971993410214168,0.07907742998352553
Nhanta,0.20845921450151056,0.09063444108761329,0,0,0,0.036253776435045314,0,0,0.045317220543806644,0.6193353474320241,0.2898550724637681,0.2898550724637681,0,0,0,0,0,0,0,0.4202898550724638,0.06912442396313363,0.06912442396313363,0,0.24731182795698925,0.0015360983102918587,0.2196620583717358,0.055299539170506916,0.007680491551459294,0.1336405529953917,0.1966205837173579,0,0,0,0,0.04054054054054054,0,0,0.004504504504504505,0,0.954954954954955,0,0,0,0,0,0,0,0,0,1,0,0,0,0,0,0.224,0,0,0,0.776,0,0,0,0,0,0.017241379310344827,0.28879310344827586,0,0.01293103448275862,0.6810344827586208,0,0,0,0,0,0.06578947368421054,0,0.13157894736842107,0.06140350877192983,0.7412280701754387,0,0,0,0,0,0,0,0,0.2869822485207101,0.7130177514792899,0.3565957446808511,0.03574468085106383,0.005106382978723405,0.054468085106382985,0.01021276595744681,0.08936170212765958,0.11063829787234043,0.16340425531914896,0.09106382978723405,0.08340425531914894,0,0.26567656765676567,0,0.20462046204620463,0.3184818481848185,0,NA,0.2112211221122112,0,0,0.0051813471502590676,0,0,0,NA,0.9948186528497409,0,0,0,0,0.0839160839160839,0,NA,0.916083916083916,0,0,0,0.030848329048843184,0.35475578406169667,0,NA,0.6143958868894601,0,0,0,0,0.2719367588932806,0,NA,0.7280632411067194,0,0,0,0,0.3103448275862069,0,NA,0.6896551724137931,NA,NA,NA,NA,NA,NA,NA,NA,0.00529567519858782,0.030891438658428954,0.12533097969991175,0.22418358340688438,0.502206531332745,0.025595763459841134,NA,0.08649602824360107
Wajarri,0.10693877551020409,0.027755102040816326,0,0,NA,0.05795918367346939,8.163265306122448e-4,0,0.07510204081632653,0.7314285714285714,0.11371237458193979,0.11371237458193979,0,0,NA,0.01003344481605351,0,0,0.0033444816053511705,0.7591973244147157,0.05574712643678161,0.05574712643678161,0,0.1879310344827586,NA,0.34310344827586203,0.10459770114942529,0.005172413793103448,0.2074712643678161,0.040229885057471264,0,0,0,0,NA,0.0015015015015015015,0,0,0.003003003003003003,0.9954954954954955,NA,NA,NA,NA,NA,NA,NA,NA,NA,NA,0,0,0,0,NA,0.04014598540145986,0,0,0,0.9598540145985401,0.003294892915980231,0.003294892915980231,0,0.01153212520593081,NA,0.06919275123558485,0.10049423393739704,0,0.02635914332784185,0.785831960461285,0,0,0,0.003184713375796178,NA,0.05254777070063694,0.001592356687898089,0.09713375796178343,0.0748407643312102,0.7707006369426751,0,0,0,0,NA,0.0010131712259371835,0,0,0.07092198581560286,0.92806484295846,0.32026666666666664,0.03546666666666667,0.004,0.088,NA,0.08186666666666667,0.12133333333333332,0.1597333333333333,0.10719999999999999,0.08213333333333332,0,0.19841752891052952,6.086427267194157e-4,0.2659768715763847,0.4917833231892879,6.086427267194157e-4,0,0.04260499087035911,0,0,0,0,0,0,0,1,0,0.01192504258943782,0,0.0272572402044293,0.27597955706984667,0,0,0.6848381601362862,0,0.0013986013986013986,0,0.02167832167832168,0.2916083916083916,0,0,0.6853146853146853,0,0,0,4.5495905368516835e-4,4.5495905368516835e-4,0,0,0.9990900818926297,0,0,0,0,0.011235955056179775,0,0,0.9887640449438203,0,0,0,0.02054794520547945,0.13356164383561644,0,0,0.8458904109589042,0.004147083218136578,0.017694221730716064,0.17943046723804257,0.34144318495991155,0.21260713298313522,0.07354160906828863,0.08598285872269837,0.08515344207907105
Karajarri,0.059188275084554674,NA,0.015219842164599774,0.009582863585118376,NA,0.11104847801578353,0.05073280721533258,0,0.1273957158962796,0.6268320180383314,NA,NA,NA,NA,NA,NA,NA,NA,NA,NA,0,NA,0,0.24317226890756305,NA,0.2825630252100841,0.15861344537815128,0.07773109243697479,0.2379201680672269,0,0,NA,0,0,NA,0,0,0,0,1,NA,NA,NA,NA,NA,NA,NA,NA,NA,NA,0.0016849199663016008,NA,0.002527379949452401,0,NA,0.052232518955349624,8.424599831508004e-4,0,0.0016849199663016008,0.9410278011794441,0.0012658227848101266,NA,0.012658227848101264,0.006329113924050632,NA,0.021518987341772152,0.032911392405063286,0,0.010126582278481013,0.9151898734177214,0,NA,0.006928406466512702,0,NA,0.03002309468822171,0.006928406466512702,0.034642032332563515,0.04849884526558892,0.8729792147806006,0,NA,8.077544426494346e-4,0,NA,8.077544426494346e-4,8.077544426494346e-4,0,0.06785137318255251,0.9297253634894992,0.4598506069094304,NA,0.0338468720821662,0.10084033613445377,NA,0.08706816059757236,0.11344537815126049,0.07119514472455649,0.1045751633986928,0.029178338001867414,0,0.22373949579831934,0.027836134453781514,0.22741596638655465,0.5015756302521008,0.019432773109243698,0,0,0,0,0,0,0,0,0,1,0.01138211382113821,0.01138211382113821,0,0.03739837398373984,0.24390243902439024,0,0,0.6959349593495935,0.007509386733416771,0.0025031289111389237,0,0.016270337922403,0.2991239048811014,0,0,0.6745932415519399,0.0037411148522259632,0,3.741114852225963e-4,7.482229704451926e-4,0.0037411148522259632,0,0,0.9913954358398802,0,0,0,0,0,0,0,1,0.027985074626865673,0.020522388059701493,0.001865671641791045,0.06716417910447763,0.27611940298507465,0,0,0.6063432835820896,0.0338468720821662,0.021942110177404293,0.15826330532212884,0.2927170868347339,0.2257236227824463,0.07889822595704948,0.15943043884220354,0.029178338001867414
MangalaMcK,0.0600790513833992,NA,0.007905138339920948,0.007905138339920948,NA,0.09644268774703557,0.0774703557312253,0,0.11620553359683795,0.6339920948616601,NA,NA,NA,NA,NA,NA,NA,NA,NA,NA,0,NA,0,0.23282442748091603,NA,0.2519083969465649,0.1534351145038168,0.0984732824427481,0.26030534351145035,0.0030534351145038168,0,NA,0,0,NA,0.003236245954692557,0,0,0,0.9967637540453075,NA,NA,NA,NA,NA,NA,NA,NA,NA,NA,0.002551020408163265,NA,0,0,NA,0.05739795918367347,0.0012755102040816326,0,0.0012755102040816326,0.9375,0,NA,0.004008016032064128,0.006012024048096192,NA,0.018036072144288578,0.03206412825651302,0,0.01002004008016032,0.9298597194388778,0,NA,0.0032894736842105266,0,NA,0.026315789473684213,0,0.03947368421052632,0.052631578947368425,0.8782894736842106,0.0011876484560570072,NA,0.0011876484560570072,0.0011876484560570072,NA,0.0011876484560570072,0,0,0.0498812351543943,0.9453681710213776,0.4858638743455498,NA,0.021640488656195465,0.10471204188481677,NA,0.09598603839441536,0.08411867364746946,0.06212914485165794,0.10436300174520069,0.04118673647469459,0,0.20076335877862597,0.029770992366412216,0.2389312977099237,0.49541984732824434,0.03206106870229008,0,0.0030534351145038168,0,0,0,0,0,0,0,1,0.004807692307692308,0.009615384615384616,0,0.02403846153846154,0.2692307692307692,0.002403846153846154,0,0.6899038461538461,0.004775549188156638,0.0019102196752626551,0,0.017191977077363897,0.29703915950334286,0,0,0.6790830945558739,0.0010770059235325794,0.0010770059235325794,0,0.0010770059235325794,0.007000538502961767,0,0,0.9897684437264406,0,0,0,0.0034129692832764505,0.0034129692832764505,0,0,0.9931740614334472,0.013368983957219251,0.013368983957219251,0,0.03208556149732621,0.3315508021390374,0,0,0.6096256684491979,0.021640488656195465,0.017102966841186736,0.1619546247818499,0.2764397905759162,0.23455497382198956,0.08760907504363002,0.15951134380453752,0.04118673647469459
Nyangumarta,0.07169459962756052,NA,0.0027932960893854745,0.0027932960893854745,NA,0.09217877094972067,0.03631284916201117,0,0.10521415270018622,0.6890130353817504,NA,NA,NA,NA,NA,NA,NA,NA,NA,NA,0,NA,0,0.23529411764705885,NA,0.29120559114735006,0.17996505532906232,0.053581828771112415,0.23995340710541643,0,0,NA,0,0,NA,0,0,0,0,1,NA,NA,NA,NA,NA,NA,NA,NA,NA,NA,0,NA,0,0,NA,0.047520661157024795,0,0,0,0.9524793388429752,0.0012330456226880397,NA,0.0012330456226880397,0.004932182490752159,NA,0.03082614056720099,0.0838471023427867,0,0.028360049321824912,0.8495684340320592,0.008486562942008486,NA,0.002828854314002829,0.005657708628005658,NA,0.05799151343705798,0.009900990099009901,0.10042432814710042,0.06789250353606789,0.7468175388967467,0,NA,0,0,NA,0,0,0,0.06575073601570167,0.9342492639842983,0.3546617915904936,NA,0.007007921998781232,0.07647775746496038,NA,0.07891529555149299,0.15173674588665448,0.19165143205362584,0.10847044485070079,0.031078610603290674,0,0.2172393709959231,0.018637157833430402,0.24461269656377402,0.5014560279557367,0.0180547466511357,0,0,0,0,0,0,0,0,0,1,0.005514705882352941,0.007352941176470588,0.001838235294117647,0.007352941176470588,0.27941176470588236,0,0,0.6985294117647058,0.0015748031496062992,0.002362204724409449,0,0.01732283464566929,0.31496062992125984,7.874015748031496e-4,0,0.6629921259842521,0,4.357298474945534e-4,4.357298474945534e-4,4.357298474945534e-4,4.357298474945534e-4,0,0,0.9982570806100218,0,0,0,0,0,0,0,1,0.002127659574468085,0.00425531914893617,0.002127659574468085,0.02127659574468085,0.2936170212765958,0,0,0.676595744680851,0.007007921998781232,0.02102376599634369,0.18769043266301036,0.2958561852528946,0.2276051188299817,0.0554539914686167,0.17428397318708105,0.031078610603290674
Mirniny,0.0634441087613293,0.012084592145015106,NA,0,NA,0.054380664652567974,0.009063444108761328,0,0.09365558912386707,0.7673716012084593,0.04545454545454545,0.04545454545454545,NA,0,NA,0,0,0,0,0.909090909090909,0.07,0.07,NA,0.214,NA,0.258,0.048,0.016,0.308,0.016,0,0,NA,0,NA,0,0,0,0,1,NA,NA,NA,NA,NA,NA,NA,NA,NA,NA,0,0,NA,0,NA,0.03255813953488372,0,0,0,0.9674418604651163,0,0,NA,0.012048192771084338,NA,0,0.060240963855421686,0,0.024096385542168676,0.9036144578313253,0,0,NA,0,NA,0.02066115702479339,0.004132231404958678,0.1859504132231405,0.08264462809917356,0.7066115702479339,0,0,NA,0,NA,0,0,0,0.017123287671232876,0.982876712328767,0.3538283062645012,0.052204176334106726,NA,0.08120649651972157,NA,0.06612529002320186,0.07424593967517401,0.23085846867749418,0.09280742459396751,0.048723897911832945,NA,0.22795698924731184,0,0.2903225806451613,0.46236559139784944,0.002150537634408602,0,0.017204301075268817,NA,0,0,0,0,0,0,1,NA,0,0,0.005917159763313609,0.34911242603550297,0,0,0.6449704142011835,NA,0.0028011204481792713,0,0.011204481792717085,0.22408963585434172,0,0,0.7619047619047619,NA,0,0,0,0,0,0,1,NA,0,0,0,0,0,0,1,NA,0,0,0.012499999999999999,0.225,0,0,0.7625000000000001,NA,0.03182374541003672,0.22031823745410037,0.31578947368421056,0.22276621787025705,0.05385556915544676,0.1040391676866585,0.05140758873929009
Ngadjumaya,0.06938775510204082,0.003061224489795918,0.0020408163265306124,0.0010204081632653062,NA,0.0673469387755102,0.014285714285714285,0,0.10510204081632653,0.7377551020408163,0.11538461538461538,0.11538461538461538,0,0,NA,0,0,0,0,0.7692307692307692,0.0034934497816593887,0.0034934497816593887,0,0.21659388646288208,NA,0.2698689956331878,0.11441048034934496,0.09170305676855894,0.27336244541484717,0.02707423580786026,0,0,0,0.004819277108433735,NA,0.033734939759036145,0,0,0.012048192771084338,0.9493975903614458,NA,NA,NA,NA,NA,NA,NA,NA,NA,NA,0,0,0,0,NA,0.07320872274143303,0,0,0,0.9267912772585669,0,0,0,0.0021141649048625794,NA,0.023255813953488372,0.10782241014799154,0,0.012684989429175475,0.854122621564482,0,0,0,0,NA,0.028277634961439587,0.010282776349614397,0.11053984575835475,0.056555269922879174,0.7943444730077122,0,0,0,0.0028943560057887122,NA,0.0028943560057887122,0,0,0.0361794500723589,0.9580318379160636,0.42301649646504325,0.006284367635506678,0.0192458758837392,0.06559308719560093,NA,0.07266300078554595,0.12293794186959937,0.09662215239591516,0.08876669285153181,0.10487038491751767,0,0.2085889570552147,8.76424189307625e-4,0.28659070990359337,0.46801051709027175,0.008764241893076249,0,0.02716914986853637,0,0,0,0,0,0,0,1,0.0032679738562091504,0,0,0.0196078431372549,0.303921568627451,0,0,0.6732026143790849,0,0.0018850141376060322,0,0.010367577756833177,0.2620169651272385,0,0,0.7257304429783223,0,0,0,6.527415143603134e-4,0.0013054830287206269,6.527415143603134e-4,0,0.9973890339425587,0,0.017543859649122806,0,0,0.16666666666666666,0,0,0.8157894736842104,0.003663003663003663,0,0.007326007326007326,0.03663003663003663,0.2564102564102564,0.003663003663003663,0,0.6923076923076923,0.019367588932806323,0.0233201581027668,0.1359683794466403,0.3316205533596838,0.21462450592885374,0.042687747035573126,0.12687747035573121,0.10553359683794467
Bilinarra,0.046068308181096106,NA,NA,0.024622716441620333,NA,0.09451945988880064,0.03256552819698173,7.942811755361397e-4,0.11199364575059571,0.6894360603653693,NA,NA,NA,NA,NA,NA,NA,NA,NA,NA,0,NA,NA,0.20683760683760682,NA,0.21709401709401713,0.17720797720797724,0.1361823361823362,0.26096866096866095,0.0017094017094017094,0,NA,NA,0,NA,0,0,0,0.001408450704225352,0.9985915492957746,NA,NA,NA,NA,NA,NA,NA,NA,NA,NA,0,NA,NA,0.0010471204188481674,NA,0.08062827225130889,0,0,0.01675392670157068,0.9015706806282723,0.0013698630136986304,NA,NA,0.0013698630136986304,NA,0.04109589041095891,0.0726027397260274,0,0.024657534246575345,0.8589041095890412,0,NA,NA,0.016352201257861635,NA,0.05534591194968553,0.003773584905660377,0.042767295597484274,0.05786163522012578,0.8238993710691823,8.305647840531562e-4,NA,NA,0.004152823920265781,NA,0.009966777408637875,0,0,0.09385382059800666,0.8911960132890365,0.3416025800049616,NA,NA,0.07343091044405856,NA,0.10121557926072935,0.12304639047382784,0.1505829818903498,0.15182336889109405,0.058298189034978916,NA,0.20227920227920226,0.04045584045584045,0.24387464387464386,0.5071225071225071,0.004558404558404558,0,0.0017094017094017092,NA,0,0,0,0,0,0,1,NA,0.029871977240398292,0,0.051209103840682786,0.14509246088193456,0,0,0.7738264580369844,NA,0,0,0.010273972602739727,0.2842465753424658,0,0,0.7054794520547946,NA,0.003585835948005379,0,0.0031376064545047067,0.03989242492155984,0,0,0.9533841326759301,NA,0,0,0,0.006172839506172839,0,0,0.9938271604938271,NA,0.04007285974499089,0,0.06193078324225865,0.20036429872495445,0,0,0.697632058287796,NA,0.035226990821136193,0.1694368643016621,0.30836020838501615,0.24286777474572066,0.038203919622922355,0.14760605308856364,0.058298189034978916
Gurindji,0.042960442364951085,NA,0,0.022543598468736707,NA,0.08379413015737984,0.0276478094427903,0,0.09953211399404509,0.7235219055720971,NA,NA,NA,NA,NA,NA,NA,NA,NA,NA,0.1369136064529824,NA,0,0.2156654638081087,NA,0.2241562300997665,0.16323498195712163,2.1226915729144558e-4,0.2581192952663978,0.0016981532583315647,0,NA,0,0,NA,0,0,0,0,1,NA,NA,NA,NA,NA,NA,NA,NA,NA,NA,3.60100828231905e-4,NA,0,7.2020165646381e-4,NA,0.0864241987756572,0.001080302484695715,0,0.020885848037450486,0.890529348217501,9.416195856873824e-4,NA,0,0.006120527306967984,NA,0.044726930320150654,0.0795668549905838,0,0.04284369114877589,0.8258003766478342,0,NA,0,0.01654135338345865,NA,0.08421052631578949,0.011278195488721806,0.05789473684210527,0.09774436090225565,0.7323308270676693,0.0015654351909830933,NA,0,0.004383218534752661,NA,0.015967438948027553,0.001878522229179712,0,0.09924859110832812,0.8769567939887288,0.37206522667122,NA,2.561256723298899e-4,0.07188593870058908,NA,0.1004866387774268,0.12866046273371468,0.12439170152821652,0.13181934602578332,0.07043455989071971,0,0.20887285077478243,0.04754829123328381,0.21842496285289748,0.5162385905327956,0.006792613033326259,4.2453831458289117e-4,0.0016981532583315647,0,0,0,0,0,0,0,1,0,0.03272186415468517,0,0.06990580069410014,0.16757560733763013,0,0,0.7297967278135845,0,0.0014275517487508924,2.379252914584821e-4,0.01498929336188437,0.31310968355936236,2.379252914584821e-4,0,0.6699976207470855,0,0.0027031324534902207,1.590077913817777e-4,0.0038161869931626646,0.047225314040387975,0,0,0.9460963587215774,0,0,0,0,0,0,0,1,0,0.04140914709517923,0,0.05438813349814585,0.18355995055624227,0,0,0.7206427688504327,2.561256723298899e-4,0.03474771621275506,0.16784769060018784,0.31853496115427304,0.21856057372150603,0.037138222487834036,0.15248015026039444,0.07043455989071971
Jaru,0.055702917771883284,NA,0.025464190981432357,0.015915119363395226,NA,0.06472148541114059,0.007957559681697613,0,0.09336870026525199,0.7368700265251988,NA,NA,NA,NA,NA,NA,NA,NA,NA,NA,4.083299305839118e-4,NA,0.004083299305839118,0.20865659452837895,NA,0.26704777460187834,0.14781543487137608,0.09514087382605145,0.27684769293589223,0,0,NA,0,0,NA,9.337068160597571e-4,9.337068160597571e-4,0,0.0028011204481792713,0.9953314659197011,NA,NA,NA,NA,NA,NA,NA,NA,NA,NA,7.621951219512195e-4,NA,0.001524390243902439,7.621951219512195e-4,NA,0.08841463414634147,0,0,0.001524390243902439,0.9070121951219512,0.0041450777202072546,NA,0.018652849740932644,0.0020725388601036273,NA,0.018652849740932644,0.14093264248704662,0,0.01450777202072539,0.8010362694300519,0,NA,0.00333889816360601,0.00667779632721202,NA,0.041736227045075125,0.008347245409015025,0.06176961602671119,0.03672787979966611,0.8414023372287145,6.734006734006733e-4,NA,0.008754208754208754,6.734006734006733e-4,NA,0.0047138047138047135,0,0,0.0835016835016835,0.9016835016835016,0.41503644035289605,NA,0.02838511699271193,0.10145761411584196,NA,0.07479861910241657,0.11910241657077099,0.07422324510932106,0.10644418872266974,0.08055235903337168,0.004083299305839117,0.1980400163331972,0.03715802368313597,0.27276439363005306,0.47692935892200894,0.010616578195181706,4.0832993058391177e-4,0,0,0,0,0,0,0,0,1,0.01583710407239819,0.021493212669683258,0,0.03506787330316742,0.16289592760180996,0,0,0.7647058823529411,0.012869399428026692,0.0014299332697807435,0,0.009532888465204958,0.2855100095328885,0,0,0.6906577693040992,0.00922722029988466,7.689350249903883e-4,3.8446751249519417e-4,0.0030757400999615533,0.0130718954248366,3.8446751249519417e-4,0,0.9730872741253364,0,0,0,0,0.01453488372093023,0,0,0.9854651162790697,0.027149321266968326,0.0196078431372549,0.0030165912518853692,0.024132730015082954,0.11312217194570136,0,0,0.8129713423831071,0.02838511699271193,0.03950901419255849,0.17011891062523973,0.3287303413885692,0.14230916762562332,0.061948599923283464,0.14844649021864212,0.08055235903337168
Mudburra,0.035058430717863104,NA,0,0.01669449081803005,NA,0.08013355592654424,0.021702838063439065,0,0.10851419031719534,0.7378964941569282,NA,NA,NA,NA,NA,NA,NA,NA,NA,NA,0.0011737089201877935,NA,0.002347417840375587,0.2335680751173709,NA,0.17605633802816903,0.1619718309859155,0.12558685446009388,0.29225352112676056,0.007042253521126761,0,NA,0,0.0025252525252525255,NA,0,0,0,0.007575757575757575,0.9898989898989898,NA,NA,NA,NA,NA,NA,NA,NA,NA,NA,0,NA,0,0,NA,0.08158508158508158,0,0,0.0023310023310023314,0.9160839160839161,0,NA,0,0.0029498525073746317,NA,0.05604719764011799,0.061946902654867256,0,0.03834808259587021,0.84070796460177,0,NA,0,0.004576659038901602,NA,0.04805491990846682,0.011441647597254004,0.06636155606407322,0.04805491990846682,0.8215102974828375,0,NA,0,0.0016806722689075631,NA,0.018487394957983194,0.0016806722689075631,0,0.0588235294117647,0.9193277310924369,0.3316142341413099,NA,0.0025786487880350697,0.09437854564208356,NA,0.08973697782362042,0.10933470861268695,0.18102114492006185,0.13254254770500257,0.058793192367199584,0.002347417840375587,0.2300469483568075,0.034037558685446015,0.18896713615023475,0.5328638497652582,0.0035211267605633804,0.0011737089201877935,0.007042253521126761,0,0,0,0,0,0,0,1,0,0.022508038585209004,0.0032154340836012866,0.07395498392282959,0.08360128617363345,0,0,0.8167202572347267,0,0.0041841004184100415,0,0.026499302649930265,0.2719665271966527,0,0,0.697350069735007,0,0.0018298261665141812,0,0.007319304666056725,0.032021957913998166,0,0,0.9588289112534308,0,0.008620689655172415,0,0.008620689655172415,0.01724137931034483,0,0,0.9655172413793104,0,0.007194244604316547,0,0.043165467625899276,0.14388489208633093,0,0,0.8057553956834532,0.0025786487880350697,0.035585353274883956,0.15987622485817432,0.295513151108819,0.23517276946879834,0.058793192367199584,0.15368746776689016,0.058793192367199584
Ngarinyman,0.03930530164533821,NA,0.0027422303473491776,0.02376599634369287,NA,0.07952468007312616,0.021023765996343695,0,0.13528336380255943,0.6983546617915904,NA,NA,NA,NA,NA,NA,NA,NA,NA,NA,0,NA,0,0.1981981981981982,NA,0.227997227997228,0.1690921690921691,0.13444213444213443,0.27027027027027023,0,0,NA,0,0,NA,0,0,0,0.003527336860670194,0.9964726631393298,NA,NA,NA,NA,NA,NA,NA,NA,NA,NA,0,NA,0.0012594458438287153,0,NA,0.08060453400503778,0,0,0.021410579345088162,0.8967254408060453,0,NA,0.004777070063694267,0.0031847133757961785,NA,0.04936305732484077,0.08917197452229299,0,0.04617834394904459,0.8073248407643312,0,NA,0,0.015025041736227046,NA,0.03672787979966611,0.00333889816360601,0.0333889816360601,0.04340567612687813,0.8681135225375627,0.0011494252873563218,NA,0.004597701149425287,0.006896551724137931,NA,0.016091954022988506,0.0022988505747126436,0,0.01839080459770115,0.9505747126436781,0.38025210084033617,NA,0.006002400960384154,0.07232893157262905,NA,0.10024009603841537,0.12695078031212484,0.12605042016806722,0.1290516206482593,0.059123649459783906,0,0.19126819126819125,0.040887040887040885,0.22245322245322244,0.5384615384615384,0.00693000693000693,0,0,0,0,0,0,0,0,0,1,0,0.03893805309734514,0,0.06548672566371683,0.15221238938053097,0,0,0.7433628318584071,0.0027522935779816515,0,0,0.011009174311926606,0.2403669724770642,0,0,0.7458715596330275,0.0033277870216306153,0.0033277870216306153,0,0.009428729894620076,0.04437049362174154,0,0,0.9395452024403771,0,0,0,0,0.017241379310344827,0,0,0.9827586206896551,0.0037950664136622387,0.028462998102466792,0,0.036053130929791274,0.1669829222011385,0,0,0.7647058823529411,0.006002400960384154,0.04051620648259304,0.1641656662665066,0.29111644657863145,0.23769507803121248,0.03181272509003601,0.16956782713085233,0.059123649459783906
WalmajarriHR,0.07541969431220245,NA,0.0015033826108744677,0.00851916812828865,NA,0.10724129290904535,0.039338511651215234,0,0.08794788273615635,0.6800300676522175,NA,NA,NA,NA,NA,NA,NA,NA,NA,NA,0,NA,0,0.1870598591549296,NA,0.26430457746478875,0.15867077464788734,0.12742077464788734,0.26254401408450706,0,0,NA,0,0.0018105009052504525,NA,0.020519010259505126,6.035003017501509e-4,0,0.003621001810500905,0.9734459867229934,NA,NA,NA,NA,NA,NA,NA,NA,NA,NA,0.004310344827586206,NA,0,0.002155172413793103,NA,0.056034482758620684,0.002155172413793103,0,0.0049261083743842365,0.9304187192118226,0.0060767185719711354,NA,0.0030383592859855677,0.007595898214963918,NA,0.0751993923281428,0.06342575009494873,0,0.03532092669958223,0.8093429548044055,0,NA,6.828269033799933e-4,0.00716968248548993,NA,0.039262546944349615,0.010242403550699898,0.06145442130419939,0.044725162171389554,0.8364629566404916,0.003402324922030054,NA,0,0.003685851998865892,NA,0.013892826764956054,0.0042529061525375675,0,0.05783952367451091,0.9169265664870996,0.34061171764313697,NA,0.004167013917826486,0.05908825735477957,NA,0.08734061171764314,0.14767897324777066,0.19151595966330529,0.1312609384115343,0.03833652804400367,0,0.1619718309859155,0.05149647887323943,0.2777288732394366,0.4837147887323943,0.025088028169014082,0,0,0,0,0,0,0,0,0,1,0.0010090817356205853,0.008577194752774974,0.004036326942482341,0.052976791120080725,0.1917255297679112,0,0,0.7416750756811301,0.002249524139124416,0.0032877660494895315,0.0010382419103651152,0.014535386745111612,0.22841322028032535,3.4608063678837173e-4,0,0.7501297802387956,0,0.00437729454956227,0.0036712792996328723,0.003953685399604631,0.03431234114656877,1.412030499858797e-4,0,0.9535441965546456,0,0.0048000000000000004,0,0.0032000000000000006,0.062400000000000004,0,0,0.9296000000000001,6.734006734006734e-4,0.016835016835016835,0.012121212121212121,0.06868686868686869,0.23299663299663298,0,0,0.6686868686868687,0.004167013917826486,0.016751395949662472,0.157013084423702,0.384198683223602,0.22018501541795152,0.042336861405117096,0.13701141761813485,0.03833652804400367
Ngardily,0.06798866855524079,NA,0.0056657223796034,0,NA,0.11048158640226628,0.014164305949008499,0,0.12181303116147309,0.6798866855524079,NA,NA,NA,NA,NA,NA,NA,NA,NA,NA,0,NA,0,0.24041811846689895,NA,0.2386759581881533,0.14634146341463417,0.09581881533101046,0.2787456445993032,0,0,NA,0,0,NA,0,0.004219409282700422,0,0,0.9957805907172996,NA,NA,NA,NA,NA,NA,NA,NA,NA,NA,0,NA,0,0,NA,0.08529411764705881,0,0,0,0.9147058823529411,0,NA,0.012244897959183675,0.0163265306122449,NA,0.04489795918367347,0.07755102040816327,0,0.04489795918367347,0.8040816326530613,0,NA,0,0.0037878787878787876,NA,0.01893939393939394,0.01515151515151515,0.07954545454545454,0.026515151515151516,0.856060606060606,0,NA,0,0.002314814814814815,NA,0,0,0,0.0763888888888889,0.9212962962962964,0.30376569037656903,NA,0.014225941422594143,0.07782426778242678,NA,0.100418410041841,0.14476987447698744,0.1631799163179916,0.14560669456066944,0.0502092050209205,0,0.2299651567944251,0.047038327526132406,0.22822299651567943,0.48257839721254353,0.010452961672473868,0.0017421602787456446,0,0,0,0,0,0,0,0,1,0.017341040462427747,0.011560693641618498,0,0.017341040462427747,0.1791907514450867,0,0,0.7745664739884394,0.003976143141153081,0.005964214711729622,0,0.021868787276341946,0.31809145129224653,0,0,0.6500994035785288,0,0.0013531799729364006,0,0.0013531799729364006,0.014884979702300407,0,0,0.9824086603518268,0,0,0,0,0.01612903225806452,0,0,0.9838709677419355,0,0,0.0045662100456621,0.0182648401826484,0.1324200913242009,0,0,0.8447488584474886,0.014225941422594143,0.030962343096234312,0.13556485355648537,0.3338912133891213,0.19581589958158993,0.04686192468619247,0.19246861924686193,0.0502092050209205
Warlmanpa,0.058892815076560655,NA,0,0.017667844522968195,NA,0.1531213191990577,0.07773851590106007,0,0.10365135453474676,0.5889281507656066,NA,NA,NA,NA,NA,NA,NA,NA,NA,NA,0,NA,0,0.24129353233830844,NA,0.2669983416252073,0.1343283582089552,0.11359867330016582,0.24378109452736316,0,0,NA,0,0,NA,0.0015600624024960997,0,0,0.004680187207488299,0.9937597503900155,NA,NA,NA,NA,NA,NA,NA,NA,NA,NA,0,NA,0,0,NA,0.05240174672489083,0,0,0,0.9475982532751092,0.004424778761061946,NA,0,0.045722713864306784,NA,0.07817109144542772,0.038348082595870206,0,0.0575221238938053,0.775811209439528,0.0025673940949935818,NA,0,0.015404364569961488,NA,0.06546854942233633,0.008985879332477536,0.06418485237483953,0.06546854942233633,0.7779204107830553,0,NA,0,0.005107252298263534,NA,0.008171603677221655,0.0040858018386108275,0,0.08580183861082737,0.8968335035750766,0.2739000992391664,NA,0.0039695666556400925,0.09526959973536223,NA,0.10023155805491235,0.13926563016870658,0.19715514389679126,0.13926563016870658,0.05094277208071452,0,0.2388059701492537,0.043117744610281915,0.20480928689883912,0.5107794361525705,0.002487562189054726,0,0,0,0,0,0,0,0,0,1,0,0.05203252032520326,0.004878048780487805,0.02764227642276423,0.2682926829268293,0,0,0.6471544715447155,0,0.00554016620498615,9.233610341643583e-4,0.01662049861495845,0.3296398891966759,0,0,0.6472760849492151,0,0.008097165991902834,0,0.003598740440845704,0.049482681061628425,4.49842555105713e-4,0,0.9383715699505173,0,0,0,0.005102040816326531,0.015306122448979591,0,0,0.9795918367346939,0,0.021428571428571425,0.0035714285714285713,0.04285714285714285,0.24285714285714283,0,0,0.6892857142857143,0.0039695666556400925,0.0314257360238174,0.1869004300363877,0.26662256037049287,0.30168706582864707,0.06384386371154482,0.09460800529275554,0.05094277208071452
Warlpiri,0.06843090082865544,NA,0,0.02205292702485966,NA,0.14688585939588344,0.021919272921678692,5.346164127238706e-4,0.12403100775193798,0.6161454156642608,NA,NA,NA,NA,NA,NA,NA,NA,NA,NA,0,NA,0,0.2964477681701332,NA,0.22563683103528862,0.15365739658798785,0.117200280439355,0.20705772376723536,0,0,NA,0,0,NA,0,5.626406601650413e-4,0,0,0.999437359339835,NA,NA,NA,NA,NA,NA,NA,NA,NA,NA,0,NA,0,0,NA,0.043980128579777907,0,0,0,0.956019871420222,0.0016201620162016202,NA,0,0.021422142214221424,NA,0.08136813681368137,0.10765076507650766,5.400540054005401e-4,0.05706570657065707,0.7303330333033303,0.0017736214124475975,NA,0,0.014995162850693326,NA,0.09029345372460497,0.019671073847146083,0.09480812641083522,0.08932602386326992,0.6891325378910029,0,NA,0,0,NA,0,0,0,0.05995423340961098,0.940045766590389,0.2942773769960282,NA,0.005633460322606793,0.09795736402691092,NA,0.10111858636621546,0.14326821755694255,0.1923887492907514,0.10468509362081543,0.06067115181972927,0,0.2803225052582379,0.04568824491703669,0.2152372049544286,0.40383267118485633,0.016125262911895304,0.03879411077354522,0,0,0,0,0,0,0,0,1,0,0.040484953453128386,0.0032474561593418493,0.03723749729378653,0.36652955185105,0,8.659883091578263e-4,0.5516345529335355,0,0.008222932846048425,7.994518044769301e-4,0.02523983554134308,0.3677478300593878,0,2.2841480127912289e-4,0.5977615349474645,0,0,0,0,4.985044865403788e-4,0,0,0.9995014955134596,0,0,0,0,0.0020000000000000005,0,0,0.9980000000000001,0,0.02221796590691438,0.0034476153993487834,0.042329055736448955,0.1974717487071442,3.8306837770542035e-4,7.661367554108407e-4,0.7333844091170273,0.005633460322606793,0.04283861554672935,0.18067601523871282,0.2614898273486261,0.1872011023749696,0.05511874848018156,0.20637107886844452,0.06067115181972927
Payungu,0.06548279689234185,0.016648168701442843,0.0011098779134295228,0,NA,0.05993340732519424,0.0033296337402885685,0,0.05771365149833518,0.7957824639289679,0.0588235294117647,0.0588235294117647,0,0,NA,0,0,0,0,0.8823529411764706,0.09764918625678119,0.09764918625678119,0,0.17992766726943943,NA,0.2658227848101266,0.11121157323688968,0.0018083182640144665,0.24593128390596744,0,0,0,0,0,NA,0,0,0,0,1,NA,NA,NA,NA,NA,NA,NA,NA,NA,NA,0,0,0,0,NA,0.06351791530944625,0,0,0,0.9364820846905537,0.002583979328165375,0.002583979328165375,0.002583979328165375,0.002583979328165375,NA,0.03359173126614987,0.09302325581395349,0,0.02583979328165375,0.8372093023255813,0.0022172949002217295,0,0,0.0022172949002217295,NA,0.03325942350332595,0.008869179600886918,0.07317073170731708,0.05764966740576497,0.8226164079822617,0,0,0,0,NA,0,0,0,0.07214765100671142,0.9278523489932886,0.3234797297297297,0.04898648648648648,0.0038006756756756755,0.11528716216216216,NA,0.08403716216216216,0.10135135135135136,0.18538851351351351,0.08150337837837839,0.056165540540540536,0,0.1993987975951904,0,0.24849699398797598,0.5521042084168337,0,0,0,0,0,0,0,0,0,0,1,0.002777777777777778,0,0,0.005555555555555556,0.2,0,0,0.7916666666666667,0.0012919896640826874,0.002583979328165375,0,0.014211886304909561,0.33979328165374684,0,0,0.6421188630490956,0,0,0,0,0,0,0,1,0,0,0,0,0,0,0,1,0,0,0,0.005899705014749262,0.1150442477876106,0,0,0.8790560471976401,0.003996447602131439,0.023090586145648316,0.16740674955595028,0.2522202486678508,0.23756660746003552,0.09813499111900532,0.15852575488454707,0.05905861456483127
Purduna,0.057488653555219364,0.0226928895612708,0.0030257186081694407,0.0015128593040847204,NA,0.05143721633888049,0.0030257186081694407,0,0.07564296520423602,0.7851739788199698,0.09554140127388536,0.09554140127388536,0,0,NA,0,0,0,0,0.8089171974522292,0.07166853303471445,0.07166853303471445,0,0.19484882418812988,NA,0.30011198208286677,0.10862262038073908,0.0167973124300112,0.23628219484882418,0,0,0,0.002506265664160401,0,NA,0,0,0,0,0.9974937343358395,NA,NA,NA,NA,NA,NA,NA,NA,NA,NA,0,0,0,0,NA,0.03160270880361173,0,0,0,0.9683972911963882,0,0,0,0,NA,0.01858736059479554,0.055762081784386616,0,0.022304832713754646,0.9033457249070632,0,0,0,0,NA,0.030534351145038167,0.003816793893129771,0.04198473282442748,0.04961832061068702,0.8740458015267175,0,0,0,0,NA,0,0,0,0.011160714285714286,0.9888392857142857,0.34775280898876404,0.03539325842696629,0.008426966292134831,0.1252808988764045,NA,0.06404494382022471,0.09044943820224718,0.1398876404494382,0.09157303370786517,0.09719101123595507,0,0.2074788902291918,0,0.2677925211097708,0.5223160434258143,0.0024125452352231607,0,0,0,0,0,0,0,0,0,1,0.0037593984962406013,0,0,0.0037593984962406013,0.21804511278195485,0,0,0.7744360902255639,0,0,0,0.005825242718446602,0.1650485436893204,0,0,0.829126213592233,0,0,0,0,0.020985401459854013,0,0,0.9790145985401459,0.005988023952095809,0,0,0,0,0,0,0.9940119760479041,0.005235602094240838,0.005235602094240838,0,0,0.16753926701570682,0,0,0.8219895287958116,0.0087361677344205,0.0337798485730926,0.16423995340710543,0.20792079207920794,0.2708211997670355,0.0960978450786255,0.11764705882352941,0.10075713453698312
Thalanyji,0.09515570934256055,0.041522491349480974,0,0.0017301038062283738,NA,0.04844290657439446,0.0034602076124567475,0,0.07439446366782007,0.7352941176470588,0.12972972972972974,0.12972972972972974,0,0,NA,0,0,0,0,0.7405405405405405,0.07866666666666666,0.07866666666666666,0,0.18,NA,0.30266666666666664,0.124,0,0.23599999999999996,0,0,0,0,0,NA,0,0,0,0,1,NA,NA,NA,NA,NA,NA,NA,NA,NA,NA,0,0,0,0,NA,0.05235602094240838,0,0,0,0.9476439790575917,0,0,0,0,NA,0.01953125,0.08593750000000001,0,0.023437500000000003,0.87109375,0,0,0,0,NA,0.02054794520547945,0.003424657534246575,0.1232876712328767,0.06164383561643835,0.7910958904109588,0,0,0,0,NA,0,0,0,0.0516795865633075,0.9483204134366926,0.33218470020675395,0.053756030323914544,6.891798759476223e-4,0.11509303928325293,NA,0.06616126809097175,0.1019986216402481,0.19228118538938663,0.0833907649896623,0.05444521019986217,0,0.19536903039073805,0,0.276410998552822,0.5282199710564399,0,0,0,0,0,0,0,0,0,0,1,0,0.0051813471502590676,0,0,0.2072538860103627,0,0,0.7875647668393783,0,0,0,0.003913894324853229,0.37181996086105673,0,0,0.62426614481409,0,0,0,0,0,0,0,1,0,0,0,0,0,0,0,1,0,0,0,0.0049261083743842365,0.14285714285714288,0,0,0.852216748768473,7.283321194464676e-4,0.024763292061179897,0.14639475600874,0.26802621995630005,0.24617625637290602,0.0968681718863802,0.15950473415877642,0.057538237436270935
Jiwarli,0.08755274261603375,0.04219409282700422,0,0.002109704641350211,NA,0.0580168776371308,0.007383966244725738,0,0.07700421940928269,0.7257383966244726,0.14388489208633093,0.14388489208633093,0,0,NA,0,0,0,0,0.712230215827338,0.07533112582781457,0.07533112582781457,0,0.1912251655629139,NA,0.32450331125827814,0.10678807947019868,0,0.22599337748344372,8.278145695364238e-4,0,0,0,0,NA,0,0,0,0,1,NA,NA,NA,NA,NA,NA,NA,NA,NA,NA,0,0,0,0,NA,0.03901734104046243,0,0,0,0.9609826589595376,0,0,0,0.0023529411764705885,NA,0.04235294117647059,0.09647058823529411,0,0.021176470588235297,0.8376470588235294,0.0019083969465648854,0,0,0.0019083969465648854,NA,0.030534351145038167,0.0019083969465648854,0.11450381679389311,0.055343511450381674,0.7938931297709924,0,0,0,0,NA,0,0,0,0.06821963394342762,0.9317803660565723,0.33416666666666667,0.04458333333333333,0.004166666666666667,0.10041666666666665,NA,0.075,0.11375,0.20125,0.0725,0.05416666666666666,0,0.20680393912264997,0,0.29006266786034024,0.5022381378692927,0,0,8.952551477170995e-4,0,0,0,0,0,0,0,1,0,0.0055248618784530384,0,0.0055248618784530384,0.26795580110497236,0,0,0.7209944751381215,0,0.002185792349726776,0,0.013114754098360656,0.33224043715846996,0,0,0.6524590163934426,0,0,0,0,0,0,0,1,0,0,0,0,0,0,0,1,0,0,0,0.0028818443804034585,0.12968299711815562,0,0,0.8674351585014409,0.00436109899694723,0.017880505887483647,0.17051897078063671,0.27474923680767555,0.2250327082424771,0.08722197993894461,0.16354121238552116,0.056694286960314005
Tharrgari,0.06728538283062645,0.03480278422273782,NA,0,NA,0.04408352668213457,0.009280742459396751,0,0.07192575406032482,0.7726218097447796,0.1079136690647482,0.1079136690647482,NA,0,NA,0,0,0,0,0.7841726618705036,0.09806835066864784,0.09806835066864784,NA,0.19316493313521546,NA,0.2763744427934621,0.08915304606240713,0,0.2451708766716196,0,0,0,NA,0,NA,0,0,0,0,1,NA,NA,NA,NA,NA,NA,NA,NA,NA,NA,0,0,NA,0,NA,0.06315789473684211,0,0,0,0.9368421052631579,0,0,NA,0,NA,0.03763440860215054,0.12903225806451615,0,0.02688172043010753,0.8064516129032259,0,0,NA,0,NA,0.0205761316872428,0,0.1358024691358025,0.05349794238683128,0.7901234567901235,0,0,NA,0,NA,0,0,0,0.07210031347962383,0.9278996865203762,0.3201471941122355,0.039558417663293474,NA,0.1361545538178473,NA,0.045998160073597055,0.10119595216191353,0.20055197792088317,0.07543698252069918,0.08095676172953083,NA,0.21416803953871502,0,0.2981878088962109,0.4876441515650741,0,0,0,NA,0,0,0,0,0,0,1,NA,0,0,0,0.21250000000000002,0,0,0.7875,NA,0,0,0.022364217252396165,0.009584664536741214,0,0,0.9680511182108625,NA,0,0,0,0.17509247842170161,0,0,0.8249075215782984,NA,0,0,0,0,0,0,1,NA,0,0,0,0.15151515151515152,0,0,0.8484848484848485,NA,0.04310344827586207,0.16762452107279693,0.1446360153256705,0.2978927203065134,0.09865900383141762,0.16379310344827588,0.0842911877394636
Warriyangga,0.08086253369272237,0.04043126684636118,0,0,NA,0.03773584905660377,0.008086253369272238,0,0.06199460916442049,0.77088948787062,0.1111111111111111,0.1111111111111111,0,0,NA,0,0,0,0,0.7777777777777778,0.08896797153024912,0.08896797153024912,0,0.20462633451957293,NA,0.31316725978647686,0.09074733096085409,0,0.21352313167259784,0,0,0,0,0,NA,0,0,0,0,1,NA,NA,NA,NA,NA,NA,NA,NA,NA,NA,0,0,0,0,NA,0.04697986577181208,0,0,0,0.953020134228188,0,0,0,0,NA,0.06432748538011696,0.06432748538011696,0,0.017543859649122806,0.8538011695906432,0,0,0,0,NA,0.028806584362139915,0.012345679012345678,0.11522633744855966,0.05761316872427983,0.7860082304526749,0,0,0,0,NA,0,0,0,0.041841004184100423,0.9581589958158996,0.3048907388137357,0.05723204994797086,0.006243496357960458,0.09677419354838708,NA,0.07596253902185224,0.11134235171696148,0.2351716961498439,0.07075962539021852,0.04162330905306972,0,0.224609375,0,0.2734375,0.501953125,0,0,0,0,0,0,0,0,0,0,1,0,0,0,0,0.21951219512195122,0,0,0.7804878048780487,0,0,0,0.016042780748663103,0.286096256684492,0,0,0.6978609625668449,0,0,0,0,0,0,0,1,0,0,0,0,0,0,0,1,0,0,0,0,0.17054263565891473,0,0,0.8294573643410853,0.00662251655629139,0.01545253863134658,0.18984547461368653,0.2671081677704194,0.23841059602649006,0.08719646799116998,0.15121412803532008,0.044150110375275935
Kariyarra,0.0577889447236181,0.022613065326633167,0,0.005025125628140704,NA,0.04522613065326633,0.01256281407035176,0,0.05025125628140704,0.8065326633165829,0.06779661016949153,0.06779661016949153,0,0,NA,0.00847457627118644,0,0,0,0.8559322033898304,0.07746478873239437,0.07746478873239437,0,0.19248826291079812,NA,0.31690140845070425,0.08685446009389672,0.004694835680751174,0.24178403755868544,0.002347417840375587,0.010471204188481676,0.010471204188481676,0,0.005235602094240838,NA,0.015706806282722512,0.015706806282722512,0,0.005235602094240838,0.93717277486911,NA,NA,NA,NA,NA,NA,NA,NA,NA,NA,0,0,0,0,NA,0.03846153846153846,0,0,0,0.9615384615384615,0.032520325203252036,0.016260162601626018,0,0.008130081300813009,NA,0.016260162601626018,0.07317073170731707,0,0.016260162601626018,0.8373983739837398,0.016216216216216217,0.016216216216216217,0,0.010810810810810811,NA,0.032432432432432434,0.005405405405405406,0.16756756756756758,0.0918918918918919,0.6594594594594594,0,0,0,0.01195219123505976,NA,0,0,0,0.03187250996015936,0.9561752988047809,0.3647932131495228,0.06468716861081654,0.013785790031813362,0.10392364793213149,NA,0.06468716861081654,0.07423117709437964,0.17179215270413575,0.10604453870625664,0.036055143160127257,0,0.20865139949109415,0,0.3282442748091603,0.46055979643765904,0,0,0.0025445292620865138,0,0,0,0,0,0,0,1,0,0,0.014814814814814814,0,0.1703703703703704,0.022222222222222223,0,0.7925925925925926,0,0,0.004705882352941177,0.018823529411764708,0.2447058823529412,0.0023529411764705885,0,0.7294117647058824,0,0,0,0.002036659877800407,0.002036659877800407,0.006109979633401222,0,0.9898167006109979,0,0.012048192771084336,0.012048192771084336,0.06024096385542168,0.03614457831325301,0,0,0.8795180722891566,0,0.007936507936507936,0,0.007936507936507936,0.12698412698412698,0,0,0.8571428571428571,0.014739229024943309,0.02494331065759637,0.1473922902494331,0.35034013605442177,0.18367346938775508,0.08616780045351474,0.15419501133786848,0.03854875283446712
Kurrama,0.0720606826801517,0.0316055625790139,0,0.03792667509481669,NA,0.04298356510745891,0.0025284450063211123,0,0.07458912768647281,0.7383059418457648,0.12437810945273631,0.12437810945273631,0,0,NA,0,0,0,0,0.7512437810945274,0.06800445930880714,0.06800445930880714,0,0.19843924191750278,NA,0.31995540691192864,0.12374581939799333,0,0.22185061315496102,0,0,0,0,0,NA,0.0027548209366391185,0.005509641873278237,0.0027548209366391185,0.011019283746556474,0.977961432506887,NA,NA,NA,NA,NA,NA,NA,NA,NA,NA,0,0,0,0,NA,0.0489795918367347,0,0,0,0.9510204081632653,0,0,0,0,NA,0.030303030303030304,0.125,0,0.03409090909090909,0.8106060606060606,0,0,0,0.0024096385542168677,NA,0.04096385542168675,0.004819277108433735,0.13493975903614458,0.08674698795180724,0.7301204819277108,0,0,0,0,NA,0,0,0,0.11178861788617886,0.8882113821138211,0.36503856041131105,0.04627249357326478,5.141388174807199e-4,0.07917737789203086,NA,0.061182519280205655,0.0673521850899743,0.19794344473007713,0.06683804627249358,0.11568123393316194,0,0.21291866028708134,0,0.29425837320574166,0.492822966507177,0,0,0,0,0,0,0,0,0,0,1,0,0.0051813471502590676,0,0,0.05181347150259068,0,0,0.9430051813471504,0,0,0,0.020227560050568902,0.3628318584070797,0,0,0.6169405815423514,0,0,0,0.0017683465959328027,0.04597701149425287,0,0,0.9522546419098143,0,0,0,0,0.14545454545454545,0,0,0.8545454545454545,0,0.09615384615384616,0,0.003205128205128205,0.07692307692307693,0,0,0.8237179487179488,5.390835579514824e-4,0.05336927223719676,0.1045822102425876,0.3164420485175202,0.1897574123989218,0.029649595687331533,0.18436657681940702,0.12129380053908355
Martuthunira,0.0702364394993046,0.024339360222531296,0,0.08414464534075106,NA,0.0764951321279555,0,0,0.050069541029207236,0.6947148817802504,0.09358288770053476,0.09358288770053476,0,0,NA,0,0,0,0,0.8128342245989304,0.08149632598530393,0.08149632598530393,0,0.19104876419505676,NA,0.3032732130928524,0.1108884435537742,0,0.23179692718770872,0,0,0,0,0,NA,0,0,0.008083140877598153,0,0.9919168591224018,NA,NA,NA,NA,NA,NA,NA,NA,NA,NA,0,0,0,0,NA,0.0331858407079646,0,0,0.0011061946902654867,0.9657079646017699,0,0,0,0.01580135440180587,NA,0.01580135440180587,0.11060948081264109,0,0.02257336343115124,0.835214446952596,0,0,0,0.018148820326678763,NA,0.018148820326678763,0.0018148820326678765,0.132486388384755,0.023593466424682394,0.8058076225045372,0,0,0,0,NA,0,0,0,0.11605937921727394,0.8839406207827261,0.3686824423020742,0.053169734151329244,5.842827928717499e-4,0.12912649722465672,NA,0.08559742915571136,0.07040607654104587,0.1399357288927841,0.06222611744084136,0.09027169149868536,0,0.208,0,0.28654545454545455,0.5054545454545455,0,0,0,0,0,0,0,0,0,0,1,0,0.19298245614035087,0,0.0021929824561403508,0.021929824561403508,0,0,0.7828947368421052,0,0.0013633265167007497,0,0.016359918200408996,0.3496932515337423,0,0,0.6325835037491478,0,0,0,0,0,0,0,1,0,0,0,0,0.02456140350877193,0,0,0.975438596491228,0,0.10526315789473686,0,0.006578947368421054,0.026315789473684216,0,0,0.861842105263158,6.170934896636841e-4,0.0484418389385992,0.14625115705029312,0.341869793273681,0.13144091329836471,0.08793582227707498,0.14810243751928417,0.09534094415303919
Ngarla,0.06984478935698449,NA,0.0033259423503325942,0.0022172949002217295,NA,0.06984478935698449,0.03215077605321508,0,0.09977827050997783,0.7228381374722839,NA,NA,NA,NA,NA,NA,NA,NA,NA,NA,0,NA,0,0.22684852835606603,NA,0.3165829145728643,0.1758793969849246,0.0035893754486719305,0.2770997846374731,0,0,NA,0,0,NA,0,0,0,0.0015797788309636653,0.9984202211690364,NA,NA,NA,NA,NA,NA,NA,NA,NA,NA,0,NA,0,0,NA,0.03827751196172249,0,0,0,0.9617224880382775,0,NA,0,0,NA,0.02046783625730994,0.08333333333333333,0,0.021929824561403504,0.8742690058479531,0,NA,0.0030769230769230774,0.0030769230769230774,NA,0.06000000000000001,0.004615384615384616,0.1153846153846154,0.07230769230769231,0.7415384615384616,0,NA,0,0,NA,0,0,0,0.0824847250509165,0.9175152749490835,0.3128566633098355,NA,0.015441423296408192,0.10506881503860356,NA,0.08324941255454851,0.12923799932863378,0.20577374958039613,0.12151728768042969,0.02685464921114468,0,0.22541277817659727,7.178750897343864e-4,0.28858578607322327,0.48384781048097636,0.0014357501794687727,0,0,0,0,0,0,0,0,0,1,0.004618937644341802,0.006928406466512702,0,0.002309468822170901,0.26327944572748274,0,0,0.7228637413394919,0.0015337423312883436,0,0,0.02530674846625767,0.2960122699386503,0,0,0.6771472392638037,0,0,0,0,0,0,0,1,0,0,0,0,0.003952569169960474,0,0,0.9960474308300394,0.002304147465437788,0.002304147465437788,0,0.016129032258064516,0.1543778801843318,0,0,0.8248847926267281,0.015441423296408189,0.020812353138637125,0.16045652903658944,0.31789191003692513,0.21517287680429675,0.08425646189996643,0.1591137965760322,0.026854649211144676
Ngarluma,0.08260869565217391,0.04492753623188406,0.0014492753623188404,0.004347826086956522,NA,0.06739130434782609,0.015217391304347825,0,0.07608695652173912,0.7079710144927537,0.14027149321266968,0.14027149321266968,0,0,NA,0,0,0,0,0.7194570135746607,0.08259212198221093,0.08259212198221093,0,0.198856416772554,NA,0.31512071156289706,0.09466327827191869,0.0012706480304955528,0.22490470139771285,0,0.0013947001394700137,0.0013947001394700137,0,0,NA,0.0027894002789400274,0,0,0.0027894002789400274,0.9916317991631799,NA,NA,NA,NA,NA,NA,NA,NA,NA,NA,0,0,0,0,NA,0.04221105527638191,0,0,0,0.9577889447236181,0,0,0.005905511811023622,0.003937007874015748,NA,0.047244094488188976,0.09645669291338582,0,0.03740157480314961,0.8090551181102362,0,0,0.0025,0,NA,0.051250000000000004,0.00125,0.14,0.051250000000000004,0.75375,0,0,0,0,NA,0,0,0,0.09001956947162426,0.9099804305283757,0.3067782878746962,0.05049959492303538,0.03834728598433702,0.1069403186605455,NA,0.08020523899540913,0.0831758034026465,0.19578719956791793,0.1104509856872806,0.027815284904131786,0,0.21675900277008311,0,0.26523545706371193,0.518005540166205,0,0,0,0,0,0,0.002207505518763797,0.002207505518763797,0,0,0.9955849889624724,0,0.0018832391713747645,0,0.026365348399246705,0.24670433145009416,0,0,0.7250470809792843,0.004297994269340973,7.163323782234956e-4,0,0.018624641833810882,0.3481375358166189,0,0,0.6282234957020056,0,0,0,0,0,0,0,1,0,0,0,0,0.011406844106463877,0,0,0.9885931558935361,0.0018656716417910447,0.011194029850746268,0,0.022388059701492536,0.1585820895522388,0,0,0.8059701492537314,0.040386803185438,0.037827076222980656,0.156712172923777,0.29436860068259385,0.20648464163822522,0.0748009101251422,0.16012514220705346,0.029294653014789528
Nyamal,0.08108108108108109,NA,0,0,NA,0.06756756756756757,0.016216216216216217,0,0.10135135135135136,0.7337837837837838,NA,NA,NA,NA,NA,NA,NA,NA,NA,NA,0,NA,0,0.24763033175355453,NA,0.30213270142180093,0.16587677725118483,0.0035545023696682463,0.2796208530805687,0.001184834123222749,0,NA,0,0,NA,0.002680965147453083,0,0,0,0.9973190348525469,NA,NA,NA,NA,NA,NA,NA,NA,NA,NA,0,NA,0,0,NA,0.13574660633484162,0,0,0,0.8642533936651583,0,NA,0,0,NA,0.022727272727272728,0.1090909090909091,0,0.009090909090909092,0.8590909090909091,0,NA,0,0,NA,0.04166666666666667,0.0032051282051282055,0.09935897435897437,0.07692307692307693,0.7788461538461539,0,NA,0,0,NA,0.001589825119236884,0,0,0.07472178060413354,0.9236883942766296,0.354062186559679,NA,0.0015045135406218655,0.08224674022066199,NA,0.12186559679037111,0.12286860581745236,0.14343029087261785,0.1213640922768305,0.05265797392176529,0,0.24644549763033177,0,0.30924170616113744,0.44194312796208535,0.001184834123222749,0,0.001184834123222749,0,0,0,0,0,0,0,1,0,0,0,0.0028328611898016994,0.24929178470254956,0,0,0.7478753541076487,0,0,0,0.010615711252653927,0.3333333333333333,0,0,0.6560509554140127,0,0,0,0,8.149959250203749e-4,0,0,0.9991850040749797,0,0,0,0,0.008064516129032258,0,0,0.9919354838709679,0,0,0,0.0267175572519084,0.1717557251908397,0,0,0.8015267175572519,0.0015045135406218655,0.020561685055165497,0.18505516549648948,0.34152457372116346,0.2021063189568706,0.061685055165496494,0.13490471414242727,0.05265797392176529
Panyjima,0.06666666666666667,0.015873015873015872,NA,0.003174603174603175,NA,0.1285714285714286,0.0015873015873015875,0,0.08571428571428572,0.6984126984126985,0.0819672131147541,0.0819672131147541,NA,0,NA,0,0,0,0,0.8360655737704918,0.048710601719197714,0.048710601719197714,NA,0.2363896848137536,NA,0.330945558739255,0.10601719197707736,0,0.22779369627507165,0.0014326647564469916,0,0,NA,0,NA,0,0,0,0,1,NA,NA,NA,NA,NA,NA,NA,NA,NA,NA,0,0,NA,0,NA,0.03359683794466403,0,0,0,0.9664031620553359,0,0,NA,0,NA,0.10714285714285714,0.10267857142857141,0,0.02232142857142857,0.7678571428571428,0,0,NA,0,NA,0.07903780068728522,0.003436426116838488,0.12371134020618556,0.0859106529209622,0.7079037800687284,0,0,NA,0,NA,0,0,0,0.06282722513089005,0.9371727748691099,0.3796940194714882,0.04728789986091794,NA,0.08762169680111266,NA,0.09040333796940195,0.08692628650904033,0.1780250347705146,0.0799721835883171,0.05006954102920723,NA,0.24849397590361447,0,0.26957831325301207,0.480421686746988,0,0,0.0015060240963855422,NA,0,0,0,0,0,0,1,NA,0.004424778761061946,0,0,0.2964601769911504,0,0,0.6991150442477876,NA,0,0,0.053353658536585365,0.323170731707317,0,0,0.6234756097560975,NA,0,0,0,0,0,0,1,NA,0,0,0,0,0,0,1,NA,0.004629629629629629,0,0.009259259259259259,0.18518518518518517,0,0,0.8009259259259259,NA,0.03722627737226278,0.16496350364963505,0.32335766423357665,0.20948905109489052,0.05474452554744526,0.15766423357664233,0.05255474452554745
Yindjibarndi,0.08125,0.02395833333333333,0,0.026041666666666664,NA,0.035416666666666666,0.021875,0,0.04895833333333333,0.7625000000000001,0.11111111111111112,0.11111111111111112,0,0,NA,0,0,0,0,0.7777777777777778,0.08277027027027026,0.08277027027027026,0,0.23902027027027026,NA,0.33192567567567566,0.12162162162162163,0.001689189189189189,0.13513513513513511,0.005067567567567567,0,0,0,0,NA,0.021775544388609715,0,0,0.03015075376884422,0.948073701842546,NA,NA,NA,NA,NA,NA,NA,NA,NA,NA,0,0,0,0,NA,0.0646900269541779,0,0,0,0.9353099730458222,0,0,0,0,NA,0.032835820895522394,0.10746268656716419,0,0.011940298507462687,0.8477611940298507,0,0,0,0,NA,0.022598870056497175,0.007532956685499058,0.1167608286252354,0.018832391713747645,0.8342749529190207,0,0,0,0,NA,0,0,0,0.1508620689655172,0.8491379310344828,0.3267441860465116,0.024418604651162794,0.002325581395348837,0.112015503875969,NA,0.09031007751937985,0.05813953488372093,0.1868217054263566,0.06046511627906977,0.1387596899224806,0,0.2596685082872928,0,0.23020257826887663,0.503683241252302,9.208103130755065e-4,0,0.005524861878453039,0,0,0,0,0,0,0,1,0,0.01639344262295082,0,0,0.00819672131147541,0,0,0.9754098360655737,0,0,0,0.01818181818181818,0.34545454545454546,0,0,0.6363636363636364,0,0,0,7.369196757553427e-4,0.01989683124539425,0,0,0.9793662490788504,0,0,0,0,0.303921568627451,0,0,0.696078431372549,0,0.05785123966942148,0,0.008264462809917356,0.06611570247933884,0,0,0.8677685950413223,0.002383790226460072,0.07469209376241558,0.09773539928486294,0.3309495431068733,0.1561382598331347,0.04012713547874454,0.15574096146205801,0.14223281684545094
Yinhawangka,0.07142857142857141,0.026418786692759294,0,0.003913894324853229,NA,0.07827788649706457,0.004892367906066536,0,0.06262230919765166,0.7524461839530332,0.07861635220125786,0.07861635220125786,0,0,NA,0,0,0,0,0.8427672955974843,0.06721311475409837,0.06721311475409837,0,0.1639344262295082,NA,0.3491803278688525,0.10819672131147542,0.009836065573770493,0.2336065573770492,8.19672131147541e-4,0,0,0,0.002380952380952381,NA,0.002380952380952381,0.002380952380952381,0,0.011904761904761906,0.980952380952381,NA,NA,NA,NA,NA,NA,NA,NA,NA,NA,0,0,0,0,NA,0.05218446601941748,0,0,0,0.9478155339805825,0.0026809651474530827,0.0026809651474530827,0.0053619302949061655,0,NA,0.04557640750670241,0.07506702412868632,0,0.040214477211796246,0.8284182305630027,0,0,0,0,NA,0.07736943907156672,0.005802707930367504,0.1334622823984526,0.058027079303675046,0.7253384912959381,0,0,0,0,NA,0.0030303030303030303,0,0,0.07272727272727272,0.9242424242424242,0.35221579961464355,0.0697495183044316,0.01233140655105973,0.08285163776493257,NA,0.0813102119460501,0.08477842003853565,0.17726396917148363,0.08246628131021196,0.05703275529865126,0,0.17486818980667837,0.0035149384885764497,0.27943760984182775,0.5404217926186291,8.787346221441124e-4,0,8.787346221441124e-4,0,0,0,0,0,0,0,1,0,0.005208333333333333,0,0.0078125,0.2578125,0,0,0.7291666666666666,9.132420091324203e-4,9.132420091324203e-4,0,0.021917808219178086,0.29771689497716897,0,0,0.6785388127853882,6.313131313131314e-4,0,0,6.313131313131314e-4,0,0,0,0.9987373737373737,0,0.0060606060606060615,0,0.018181818181818184,0.024242424242424246,0,0,0.9515151515151515,0,0.003278688524590164,0,0.013114754098360656,0.19999999999999998,0,0,0.7836065573770492,0.013256006628003313,0.020712510356255178,0.18351284175642088,0.3260149130074565,0.19718309859154928,0.06835128417564208,0.12966031483015739,0.06130903065451532
Adnyamathanha,0.21443370165745854,0.08908839779005524,0,0,NA,0.012430939226519335,0,0,0.026243093922651933,0.6578038674033149,0.23626373626373628,0.23626373626373628,0,0,NA,0,0,0,0,0.5274725274725275,0.038499184339314846,0.038499184339314846,0,0.26818923327895594,NA,0.3138662316476346,0.005872756933115824,9.787928221859708e-4,0.10146818923327897,0.23262642740619904,0,0,0,0,NA,0,0,0,0,1,NA,NA,NA,NA,NA,NA,NA,NA,NA,NA,0,0,0,0,NA,0.18913676042677013,0,0,0,0.8108632395732298,0,0,0,0,NA,0.04932735426008969,0.36322869955156956,0,0.029895366218236175,0.5575485799701047,6.211180124223603e-4,6.211180124223603e-4,0,6.211180124223603e-4,NA,0.07453416149068323,0,0.293167701863354,0.13354037267080746,0.49689440993788825,5.668934240362812e-4,5.668934240362812e-4,0,0,NA,0,0,0,0.354875283446712,0.6439909297052153,0.3065610859728507,0.07369101486748546,0.08306399482870071,0.08564964447317389,NA,0.08451842275371686,0.06593406593406594,0.18325791855203621,0.08338720103425985,0.033936651583710405,0,0.2789277231082457,0,0.2799457074991517,0.1991856124872752,0,0,0.24194095690532746,0,0,0,0,0,0,0,1,0,0,0.005842259006815969,0,0.40798442064264845,0,0,0.5861733203505355,0,0,0,0.02861883036084612,0.2173372044794691,0,0,0.7540439651596847,0,2.0491803278688525e-4,0.033196721311475406,0.032172131147540986,0.28872950819672133,0,0,0.6456967213114754,0,0,0,0,0,0,0,1,0,0,0,0,0.2553191489361702,0,0,0.7446808510638298,0.08967201674808094,0.04274249825540823,0.14986043265875784,0.2377878576413119,0.31978367062107466,0.0497208653175157,0.07379623168178645,0.0366364270760642
Nukunu,0.14826498422712936,0.025236593059936908,0,0,NA,0.012618296529968454,0.0031545741324921135,0,0.044164037854889586,0.7665615141955836,0.08,0.08,0,0,NA,0,0,0,0,0.84,0.10112359550561799,0.10112359550561799,0,0.251685393258427,NA,0.30337078651685395,0.008988764044943821,0,0.23370786516853934,0,0,0,0,0,NA,0,0,0,0,1,NA,NA,NA,NA,NA,NA,NA,NA,NA,NA,0,0,0,0,NA,0.06818181818181819,0,0,0,0.9318181818181819,0,0,0,0,NA,0.013333333333333332,0.18666666666666665,0,0,0.8,0,0,0,0,NA,0.05660377358490566,0,0.1949685534591195,0.050314465408805034,0.6981132075471698,0,0,0,0.00904977375565611,NA,0,0,0,0.06787330316742082,0.9230769230769231,0.3149492017416545,0.05660377358490566,0.015965166908563137,0.07547169811320754,NA,0.08127721335268505,0.08127721335268505,0.18577648766328012,0.11611030478955006,0.07256894049346879,0,0.28,0,0.3025,0.4175,0,0,0,0,0,0,0,0,0,0,1,0,0,0,0.00980392156862745,0.3137254901960784,0,0,0.6764705882352942,0,0,0,0,0.19999999999999998,0,0,0.7999999999999999,0,0.004089979550102249,0.04498977505112474,0.06952965235173823,0.0020449897750511245,0,0.0020449897750511245,0.8773006134969324,0,0,0,0,0,0,0,1,0,0,0,0,0.07228915662650602,0,0,0.9277108433734939,0.016923076923076923,0.04153846153846153,0.12307692307692307,0.23692307692307693,0.33999999999999997,0.038461538461538464,0.12615384615384614,0.07692307692307693
Wirangu,0.12237762237762238,0.03146853146853147,0.003496503496503497,0.0017482517482517485,NA,0.07342657342657344,0.0017482517482517485,0,0.07867132867132867,0.6870629370629371,0.06481481481481481,0.06481481481481481,0,0,NA,0,0,0,0,0.8703703703703703,0.07112970711297072,0.06834030683403068,0,0.20223152022315205,NA,0.29707112970711297,0.0892608089260809,0.0055788005578800565,0.2217573221757322,0.04463040446304045,0,0,0,0,NA,0,0,0,0,1,NA,NA,NA,NA,NA,NA,NA,NA,NA,NA,0,0,0.0025188916876574307,0,NA,0.06045340050377833,0,0,0,0.9370277078085641,0,0,0,0,NA,0.024999999999999998,0.14999999999999997,0,0.015,0.81,0,0,0,0,NA,0.03954802259887006,0,0.15254237288135594,0.03954802259887006,0.768361581920904,0,0,0,0.0029585798816568047,NA,0.0029585798816568047,0,0,0.05325443786982249,0.9408284023668638,0.42621448212648944,0.031164069660861594,0.002749770852428964,0.05682859761686527,NA,0.09624197983501376,0.11090742438130155,0.14298808432630614,0.10174152153987169,0.031164069660861594,0,0.21706586826347307,0,0.24101796407185627,0.49101796407185633,0,0.0029940119760479044,0.04790419161676647,0,0,0,0,0,0,0,1,0.009900990099009901,0.0049504950495049506,0,0.0049504950495049506,0.4900990099009901,0,0,0.4900990099009901,0.0021691973969631237,0,0,0.013015184381778741,0.299349240780911,0,0,0.685466377440347,0,0.0011627906976744186,0,0.002325581395348837,0,0,0,0.9965116279069768,0,0,0,0,0,0,0,1,0,0,0,0.013986013986013986,0.22377622377622378,0,0,0.7622377622377623,0.0028382213812677393,0.014191106906338695,0.2100283822138127,0.30842005676442763,0.24976348155156103,0.044465468306527915,0.13812677388836328,0.03216650898770104
Kartujarra,0.0754892823858341,NA,0,0.003727865796831314,NA,0.10344827586206898,0.05591798695246972,0,0.07455731593662629,0.6868592730661697,NA,NA,NA,NA,NA,NA,NA,NA,NA,NA,0.04521739130434783,NA,0,0.2408695652173913,NA,0.2565217391304348,0.16869565217391305,0.02173913043478261,0.2669565217391304,0,0,NA,0,0,NA,0.002032520325203252,0,0,0,0.9979674796747967,NA,NA,NA,NA,NA,NA,NA,NA,NA,NA,0.0013661202185792348,NA,0,0,NA,0.03961748633879782,0,0,0,0.9590163934426229,0,NA,0,0.0017421602787456446,NA,0.012195121951219513,0.036585365853658534,0,0.027874564459930314,0.9216027874564461,0,NA,0,0,NA,0.10396039603960396,0.0024752475247524753,0.08168316831683169,0.06683168316831684,0.745049504950495,0.0037359900373599006,NA,0,0,NA,0,0,0,0.0610211706102117,0.9352428393524284,0.38821752265861026,NA,3.7764350453172205e-4,0.08157099697885196,NA,0.0944108761329305,0.11706948640483385,0.13783987915407855,0.12311178247734139,0.05740181268882176,0,0.22608695652173916,0.016521739130434785,0.28260869565217395,0.45913043478260873,0.014782608695652176,8.695652173913043e-4,0,0,0,0,0,0,0,0,1,0,0.0023584905660377358,0,0.01179245283018868,0.3608490566037736,0,0,0.625,0,9.910802775024777e-4,0.0029732408325074335,0.02081268582755203,0.30029732408325077,9.910802775024777e-4,0,0.6739345887016849,0,0,0,0,0.0010995052226498074,0,0,0.9989004947773502,0,0,0,0.007352941176470587,0,0,0,0.9926470588235293,0,0.005988023952095808,0.002994011976047904,0.014970059880239521,0.20359281437125748,0,0,0.7724550898203593,3.7764350453172205e-4,0.03512084592145016,0.16351963746223566,0.2681268882175227,0.2930513595166163,0.046450151057401814,0.13595166163141995,0.05740181268882176
Yulparija,0.07180616740088105,NA,0.009691629955947138,0.004405286343612335,NA,0.1444933920704846,0.040528634361233475,0,0.09118942731277534,0.6378854625550661,NA,NA,NA,NA,NA,NA,NA,NA,NA,NA,0,NA,0,0.2482100238663484,NA,0.2426412092283214,0.16945107398568018,0.08035003977724742,0.25934765314240255,0,0,NA,0,0,NA,0,0,0,0,1,NA,NA,NA,NA,NA,NA,NA,NA,NA,NA,0,NA,5.824111822947001e-4,0,NA,0.04950495049504951,5.824111822947001e-4,0,0,0.9493302271403612,8.382229673093043e-4,NA,0.006705783738474434,0.003352891869237217,NA,0.06370494551550712,0.05951383067896061,0,0.015088013411567479,0.8507963118189439,0,NA,0.012084592145015106,0.004028197381671702,NA,0.10574018126888218,0.02014098690835851,0.08056394763343404,0.05438066465256797,0.7230614300100705,0,NA,6.353240152477764e-4,6.353240152477764e-4,NA,0,0.0012706480304955528,0,0.06035578144853876,0.9371029224904701,0.40587376869755565,NA,0.03611820503465889,0.06950018241517694,NA,0.09540313754104342,0.11784020430499818,0.1380882889456403,0.10051076249543964,0.036665450565487055,0,0.22991249005568815,0.020684168655529037,0.24423229912490058,0.48687350835322196,0.0182975338106603,0,0,0,0,0,0,0,0,0,1,0.010319917440660476,0.009287925696594429,0,0.01754385964912281,0.39834881320949433,0.0010319917440660476,0,0.563467492260062,0.007455731593662627,0.0018639328984156568,0,0.015377446411929169,0.32945013979496734,4.659832246039142e-4,0,0.6453867660764212,0.0018334206390780514,0,2.6191723415400735e-4,2.6191723415400735e-4,0.0023572551073860666,0,0,0.9952854897852279,0,0,0,0,0,0,0,1,0.013513513513513514,0.004914004914004914,0.0012285012285012285,0.030712530712530713,0.2678132678132678,0,0,0.6818181818181819,0.03611820503465889,0.027727106895293688,0.18259759211966436,0.2812842028456768,0.23495074790222548,0.04177307551988326,0.15888361911711055,0.036665450565487055
Wangkatja,0.049551924090669476,NA,5.271481286241433e-4,0.002635740643120717,NA,0.1528729573010016,0.06273062730627306,0,0.1070110701107011,0.6246705324196099,NA,NA,NA,NA,NA,NA,NA,NA,NA,NA,0,NA,0,0.19238095238095237,NA,0.25666666666666665,0.14952380952380953,0.08238095238095239,0.23333333333333334,0.08571428571428572,0,NA,0,0,NA,0.010582010582010581,0,0,0.003968253968253968,0.9854497354497355,NA,NA,NA,NA,NA,NA,NA,NA,NA,NA,0,NA,0,0,NA,0.05363204344874405,0,0,0,0.9463679565512559,0,NA,0,0.0038131553860819823,NA,0.08102955195424213,0.052430886558627265,0,0.037178265014299335,0.8255481410867492,0,NA,0,0.0024968789013732834,NA,0.1198501872659176,0.022471910112359553,0.09363295880149813,0.05493133583021224,0.7066167290886393,0,NA,0,0,NA,0,0,0,0.05841660261337432,0.9415833973866257,0.4072153325817362,NA,0.015107102593010147,0.07666290868094701,NA,0.08432919954904171,0.12175873731679819,0.1253664036076663,0.09966178128523112,0.06989853438556932,0,0.18047619047619048,0.019523809523809523,0.25666666666666665,0.4457142857142857,0.011904761904761904,0,0.08571428571428572,0,0,0,0,0,0,0,1,0,0.007168458781362007,0,0.020310633213859022,0.4611708482676225,0,0,0.5113500597371565,5.652911249293386e-4,0.0016958733747880158,0,0.0322215941209723,0.3244771057094404,0,0,0.64104013566987,0,0,0,0,3.171582619727244e-4,0,0,0.9996828417380272,0,0,0,0.003717472118959108,0.03717472118959109,0,0,0.9591078066914499,0,0.0013123359580052491,0,0.03674540682414698,0.2755905511811023,0.0013123359580052491,0,0.6850393700787402,0.015107102593010147,0.021871476888387826,0.179706877113867,0.25434047350620065,0.23179255918827507,0.054791431792559186,0.17249154453213078,0.06989853438556932
Warnman,0.07357357357357357,NA,0,0.0015015015015015013,NA,0.15915915915915915,0.019519519519519517,0,0.11411411411411411,0.632132132132132,NA,NA,NA,NA,NA,NA,NA,NA,NA,NA,0,NA,0,0.21969696969696967,NA,0.26515151515151514,0.15367965367965367,0.08333333333333333,0.27813852813852813,0,0,NA,0,0,NA,0,0.0025125628140703514,0,0,0.9974874371859296,NA,NA,NA,NA,NA,NA,NA,NA,NA,NA,0,NA,0,0,NA,0.05263157894736842,0,0,0,0.9473684210526315,0,NA,0,0.005870841487279843,NA,0.07045009784735812,0.11350293542074362,0,0.03718199608610567,0.7729941291585126,0,NA,0,0,NA,0.09565217391304348,0.002173913043478261,0.08478260869565217,0.0782608695652174,0.7391304347826088,0,NA,0,0,NA,0,0,0,0.05311077389984826,0.9468892261001517,0.32135922330097083,NA,0.002912621359223301,0.09223300970873786,NA,0.10485436893203884,0.15970873786407766,0.17233009708737865,0.1145631067961165,0.03203883495145631,0,0.20779220779220778,0.030303030303030304,0.2597402597402597,0.4902597402597403,0.011904761904761904,0,0,0,0,0,0,0,0,0,1,0,0.002551020408163265,0,0.015306122448979591,0.3494897959183673,0,0,0.6326530612244898,0,0.002478314745972738,0,0.021065675340768277,0.34572490706319703,0,0,0.630731102850062,0,0,0,0,0,0,0,1,0,0,0,0.006756756756756756,0,0,0,0.9932432432432433,0,0.0032894736842105257,0.0032894736842105257,0.042763157894736836,0.3125,0,0,0.638157894736842,0.002912621359223301,0.02572815533980583,0.18883495145631068,0.2752427184466019,0.2485436893203883,0.06650485436893204,0.16019417475728154,0.03203883495145631
Kukatja,0.08296668761785041,NA,0.004022627278441232,0.017850408548082966,NA,0.12206159648020112,0.06687617850408548,0,0.11213073538654934,0.5940917661847894,NA,NA,NA,NA,NA,NA,NA,NA,NA,NA,0,NA,0,0.2674897119341564,NA,0.2399301658560918,0.19154508043396934,0.10263125077939893,0.19840379099638358,0,0,NA,0,4.6210720887245846e-4,NA,0.0016173752310536045,4.6210720887245846e-4,0,0.0016173752310536045,0.9958410351201479,NA,NA,NA,NA,NA,NA,NA,NA,NA,NA,3.8044512079132587e-4,NA,0,0,NA,0.05059920106524633,0,0,3.8044512079132587e-4,0.9486399086931709,0.0033783783783783786,NA,0.002533783783783784,0.007390202702702702,NA,0.036739864864864864,0.07432432432432431,0,0.03167229729729729,0.8439611486486487,0.0035426731078904987,NA,9.66183574879227e-4,0.007407407407407408,NA,0.06505636070853461,0.01996779388083736,0.0892109500805153,0.07407407407407406,0.7397745571658615,2.0275750202757503e-4,NA,0,0.001013787510137875,NA,0.00121654501216545,6.08272506082725e-4,0,0.07704785077047849,0.9199107866991079,0.4175802757881401,NA,0.03011255664376553,0.09633094576816255,NA,0.08336987769819228,0.1281489061053452,0.1110948691711738,0.08298007113969692,0.05038249768552355,0,0.25215114104002995,0.026811323107619404,0.19852849482479112,0.5071704701334331,0.015338570894126451,0,0,0,0,0,0,0,0,0,1,0.001177856301531213,0.017962308598351,0.0014723203769140165,0.025323910482921083,0.40606595995288575,2.944640753828033e-4,0,0.5477031802120141,0.004047412546978896,0.00505926568372362,2.891008962127783e-4,0.03917317143683145,0.352124891587164,2.891008962127783e-4,0,0.5990170569528765,0,4.678727386150967e-4,0,3.119151590767312e-4,9.357454772301934e-4,0,0,0.998284466625078,0,0.0013280212483399736,0,0.00199203187250996,0.008632138114209827,0,0,0.9880478087649401,0.005268703898840885,0.033368458025992274,0.0045662100456621,0.06076571829996488,0.283807516684229,0.001756234632946962,0,0.6104671584123639,0.03011255664376553,0.029284217706962917,0.1857915509428446,0.267894557325927,0.20269941041758027,0.06704672806119963,0.16678848121619647,0.05038249768552355
Ngaanyatjarra,0.06921241050119331,NA,0,0.00477326968973747,NA,0.16527446300715992,0.03639618138424821,0,0.09128878281622912,0.633054892601432,NA,NA,NA,NA,NA,NA,NA,NA,NA,NA,0,NA,0,0.2668508287292818,NA,0.24806629834254143,0.15966850828729282,0.08342541436464089,0.24198895027624312,0,0,NA,0,0,NA,0.003289473684210526,0.0010964912280701754,0,0.0021929824561403508,0.993421052631579,NA,NA,NA,NA,NA,NA,NA,NA,NA,NA,0,NA,0,0,NA,0.04006284367635507,0,0,0,0.959937156323645,0,NA,0,0.008492569002123144,NA,0.09235668789808918,0.058386411889596604,0,0.036093418259023353,0.8046709129511678,0,NA,0,0.0010298661174047373,NA,0.09989701338825953,0.018537590113285273,0.07106076210092688,0.03398558187435634,0.7754891864057673,0,NA,0,0,NA,0,0,0,0.07280832095096583,0.9271916790490342,0.34444689776992715,NA,0.008390373150805918,0.09096930889821153,NA,0.06822698167365863,0.1143740340030912,0.165820269375138,0.12982998454404945,0.07794215058511812,0,0.24917127071823203,0.019337016574585635,0.25027624309392266,0.4635359116022099,0.01767955801104972,0,0,0,0,0,0,0,0,0,1,0,0.010723860589812333,0,0.02546916890080429,0.43967828418230565,0,0,0.5241286863270778,0,0.002942618930848455,0,0.024031387935262386,0.25159391858754293,0,0,0.7214320745463463,0,0,0,0,3.595828838547285e-4,0,0,0.9996404171161453,0,0,0,0.002994011976047904,0.014970059880239521,0,0,0.9820359281437125,0,0.004672897196261682,0,0.040498442367601244,0.3317757009345795,0,0,0.6230529595015577,0.008390373150805918,0.024287922278648705,0.15698829763744757,0.32921174652241114,0.1947449768160742,0.06668138661956281,0.14175314638993156,0.07794215058511812
PintupiLuritja,0.05228450306170513,NA,0.0025906735751295338,0.005887894488930758,NA,0.13212435233160622,0.022138483278379653,0,0.08455016486104569,0.700423928403203,NA,NA,NA,NA,NA,NA,NA,NA,NA,NA,0,NA,0,0.2760228959084164,NA,0.24825100699597205,0.14627941488234047,0.0818316726733093,0.24549501801992793,0.00211999152003392,0,NA,4.3668122270742354e-4,0,NA,0.0017467248908296941,0,0,0.00611353711790393,0.991703056768559,NA,NA,NA,NA,NA,NA,NA,NA,NA,NA,6.720430107526881e-4,NA,3.3602150537634406e-4,0,NA,0.03595430107526881,0,0,0,0.9630376344086021,3.6523009495982464e-4,NA,7.304601899196493e-4,0.006574141709276843,NA,0.07085463842220599,0.12490869247626002,0,0.02410518626734843,0.7724616508400292,0,NA,0.0023430178069353325,0.005623242736644798,NA,0.0782567947516401,0.018275538894095594,0.05998125585754451,0.0656044985941893,0.7699156513589503,0,NA,0,0,NA,0,2.7631942525559546e-4,0,0.0732246476927328,0.9264990328820115,0.3238339889218913,NA,0.0997832543951192,0.07489764790880629,NA,0.06197318776591474,0.12619410773059322,0.13004736292847396,0.1298065344786064,0.05346391587059485,0,0.26033495866016537,0.018443926224295103,0.23722705109179565,0.46618613525545904,0.015687937248251006,0,0.00211999152003392,0,0,0,0,0,0,0,1,0.002287021154945683,0.015437392795883364,0,0.01486563750714694,0.40880503144654085,0,0,0.5586049170954831,0.002054538662682107,9.338812103100485e-4,0,0.01774374299589092,0.250653716847217,1.867762420620097e-4,0,0.7284273440418378,2.824459822059031e-4,0,0,0,5.648919644118061e-4,0,0,0.9991526620533823,0.0012626262626262627,0,0,0.0025252525252525255,0.020202020202020204,0,0,0.9760101010101011,0.0013080444735120993,0.014388489208633094,0,0.04054937867887508,0.29038587311968606,0,0,0.6533682145192936,0.0997832543951192,0.017339648390463196,0.13341896122661956,0.3261619972706109,0.18953199004575738,0.0575579995183431,0.12274223328249177,0.05346391587059485
